POSITION,DEAD
Bottom,With
Bottom,With
Bottom,Without
Bottom,Without
Top,Without
Bottom,With
Middle,Without
Bottom,Without
Bottom,With
Bottom,With
Bottom,Without
Bottom,Without
Bottom,With
Top,Without
Top,Without
Bottom,Without
Top,Without
Bottom,With
Middle,Without
Top,Without
Bottom,With
Top,Without
Top,Without
Bottom,With
Bottom,Without
Bottom,Without
Bottom,With
Middle,Without
Bottom,With
Bottom,With
Top,Without
Top,Without
Middle,Without
Middle,Without
Middle,With
Top,Without
Bottom,With
Bottom,Without
Middle,Without
Top,Without
Middle,Without
Bottom,Without
Bottom,Without
Top,Without
Top,Without
Bottom,With
Top,Without
Bottom,Without
Bottom,With
Bottom,Without
Top,Without
Middle,With
Middle,With
Middle,Without
Top,Without
Middle,With
Top,Without
